"Штрих-код";"Кількість";"Ціна_роздрібна";"Ціна_опту";"Назва_позиції"
"4825020801668";26;550;380;"2221  Контейнер для холодильника дренаж та клапа 8 (4 секцї) PET PET пластик код. 0166 (арт. )"
"4825020800692";22;80;43;"Вазон для квітів PET (15*18) PET пластик код. 0069 (арт. X10-XQ-891 )"
"4823547503218";1679;75;41;"Ватні палички бавовна-пластик код. 0321 (арт. 35475-0321)"
"4823547503225";1036;55;23;"Ватні палички вбавовна-пластик код. 0322 (арт. 35475-0322)"
"4825020800708";4;200;116;"Відро для сміття PET (21*27.5) PET пластик код. 0070 (арт. X10-XQ-816 )"
"4823591602882";1610;15;6;"Гачок пластик код. 0288 (арт. 35916-xy-0101)"
"4825020800210";190;150;100;"Герметична ємність  0.5 л. PET (9.5*11) PET пластик код. 0021 (арт. Q04-0210 )"
"4825020800173";306;160;110;"Герметична ємність 0.5 л. PET (12*8*11.5) PET пластик код. 0017 (арт. Q04-0320)"
"4825020800203";176;180;120;"Герметична ємність 0.8 л. PET (10*16) PET пластик код. 0020 (арт. Q04-0211)"
"4825020800166";222;180;130;"Герметична ємність 0.8 л. PET (11.5*8*15.5) PET пластик код. 0016 (арт. Q04-0321)"
"4825020800135";133;220;178;"Герметична ємність 1,8 л . PET (10.5*31) PET пластик код. 0013 (арт. Q04-0221)"
"4825020800197";148;200;160;"Герметична ємність 1.2 л. PET (10*21) PET пластик код. 0019 (арт. Q04-0212)"
"4825020800180";146;260;200;"Герметична ємність 1.9 л. PET (10*31) PET пластик код. 0018 (арт. Q04-0213)"
"4825020800142";167;280;200;"Герметична ємність 1.9 л. PET (11.5*8*30.5) PET пластик код. 0014 (арт. Q04-0323)"
"4825020800159";116;210;150;"Герметична ємність 1.9 л. PET (12*8*20.5) PET пластик код. 0015 (арт. Q04-0322 )"
"4825020800128";99;270;218;"Герметична ємність 2.8 л. PET (12.5*30.5) PET пластик код. 0012 (арт. Q04-0225 )"
"4825020800111";110;530;437;"Гермитична ємність набір 4 шт. (0.4L+0.75*2L+1.1L) PET  PET пластик код. 0011 (арт. Q04-0227-1 )"
"4823511403179";54;360;235;"Глек скло  код. 0317 (арт. 35114-)"
"4823511403209";3;400;251;"Глек скло  код. 0320 (арт. 35114-LCWJ4412)"
"4825020801279";34;180;129;"Диспенсер для рідин   600 мл.  PET/скло (7.5*8.5*16cm) PET пластик / скло код. 0127 (арт. X44-2068)"
"4825020801255";28;120;86;"Диспенсер для рідин PET/скло (13*9.5*19.5) PET пластик / скло код. 0125 (арт. Z39-XN-808 )"
"4825020801262";151;260;170;"Диспенсер для рідин PET/скло 2  (8*8.5*18) PET пластик / скло код. 0126 (арт. S84-BUB- )"
"4825020801248";17;200;140;"Диспенсер для сипучих  PET/стекло (23.5*7) PET пластик / скло код. 0124 (арт. M52 )"
"4825020800531";25;120;99;"Друшляк  PET (26*21*9.5) PET пластик код. 0053 (арт. H01-2241 )"
"4825020800548";10;175;144;"Друшляк  PET (31*26*12) PET пластик код. 0054 (арт. H01-2242 )"
"4825020800593";31;150;112;"Друшляк великий (29*13) PET пластик код. 0059 (арт. R88-JH-2808 )"
"4825020800609";39;110;79;"Друшляк великий PET (30*25*13.5) PET пластик код. 0060 (арт. X10-XQ-0103 )"
"4825020800500";44;110;91;"Друшляк з основою PET (17*16*7.5) PET пластик код. 0050 (арт. AS- )"
"4825020800517";34;130;104;"Друшляк з основою PET (23*21*9) PET пластик код. 0051 (арт. AS- )"
"4825020800487";1;50;50;"Друшляк з основою квадратний PET(25*24*14) PET пластик код. 0048 (арт. K10-2547 )"
"4825020800616";141;90;61;"Друшляк з основою квадратний середній PET (22*11) PET пластик код. 0061 (арт. X10-XQ-0086 )"
"4825020800470";2;50;50;"Друшляк з основою круглий PET  PET пластик код. 0047 (арт. K10-2533 )"
"4825020800494";5;170;129;"Друшляк з основою ручка PET (24.5*41) PET пластик код. 0049 (арт. G13-2111 )"
"4825020800579";48;100;73;"Друшляк маленький (22*11) PET пластик код. 0057 (арт. R88-JH-2806 )"
"4825020800647";1;50;50;"Друшляк набір 3 шт. PET (21.5*8/24*8.5/27.5*9.5) PET пластик код. 0064 (арт. A02-0033 )"
"4825020800630";3;50;50;"Друшляк набір 3 шт. PET (25*9/27*4/29*11) PET пластик код. 0063 (арт. X10-XQ-0109 )"
"4825020800586";29;130;92;"Друшляк середній  PET (25*12) PET пластик код. 0058 (арт. R88-JH-2807 )"
"4825020800302";66;120;87;"Ємність для зберігання PET  (16.2*15*12.8) PET пластик код. 0030 (арт. Z61-ZG-1215 )"
"4825020800289";48;90;64;"Ємність для зберігання PET (16*14.5*12.5) PET пластик код. 0028 (арт. X51-8127s )"
"4825020800296";56;160;111;"Ємність для зберігання PET (32*14*13) PET пластик код. 0029 (арт. X51-8127L )"
"4825020800319";35;215;157;"Ємність для зберігання велика PET (35.5*16*12.8) PET пластик код. 0031 (арт. Z61-ZG-1215PET )"
"4825020800555";7;140;102;"Ємність для зберігання з кришкою PET  (29.5*14.5*10.5) PET пластик код. 0055 (арт. A88-9577- )"
"4825020801040";17;70;43;"Ємність для льоду мала PET 14*7.5*3.5) PET пластик  код. 0104 (арт. J112-JW-009 )"
"4825020801224";229;35;18;"Затискач для пакетів  2 шт. PET   PET пластик  код. 0122 (арт. S63-3060 )"
"4825020801194";230;35;18;"Затискач для пакетів  4 шт. PET  (12*2*1) PET пластик  код. 0119 (арт. S63-3065 )"
"4823593402954";80;380;220;"Килимок кухонний  синтетичний код. 0295 (арт. 35934-0295)"
"4823593402961";7;600;370;"Килимок кухонний  синтетичний код. 0296 (арт. 35934-0296)"
"4823593402930";33;250;128;"Килимок кухонний (набір) синтетичний код. 0293 (арт. 35934-0293)"
"4823593402947";22;350;227;"Килимок кухонний (набір) синтетичний код. 0294 (арт. 35934-0294)"
"4823593402978";113;500;260;"Килимок кухонний (набір) синтетичний код. 0297 (арт. 35934-0297)"
"4825020800098";1;220;149;"Контейнер для заморожування 2 рівеня PET (30*23*7.5) PET пластик код. 0009 (арт. K10-2725-2 )"
"4825020801583";49;270;170;"Контейнер для зберігання   код. 0158 (арт. 2213)"
"4825020801606";26;350;250;"Контейнер для зберігання   код. 0160 (арт. 2215)"
"4825020801620";14;350;280;"Контейнер для зберігання   код. 0162 (арт. 2217)"
"4825020801538";40;1200;820;"Контейнер для зберігання косметичних засобів з кришкою великий  код. 0153 (арт. J06-6661)"
"4825020801545";69;450;315;"Контейнер для зберігання косметичних засобів з кришкою малий  код. 0154 (арт. J06-6662)"
"4825020800227";2;200;145;"Контейнер для зберігання яєць  (26.5*20*19.5) PET пластик код. 0022 (арт. Y146-PET)"
"4823603102447";90;55;30;"Контейнер для зубочисток пластик код. 0244 (арт. 36031-2001)"
"4823603102454";37;70;39;"Контейнер для зубочисток пластик код. 0245 (арт. 36031-2003)"
"4825020801149";82;270;165;"Контейнер для косметичних засобів з кришкою   код. 0114 (арт. Y157-YY-62)"
"4825020801156";26;280;200;"Контейнер для косметичних засобів що обертається   код. 0115 (арт. H87-1239)"
"4825020800876";19;120;78;"Контейнер для сміття  качка PET (14.7*14.2*21) PET пластик код. 0087 (арт. J06-6335 )"
"4825020800883";6;130;84;"Контейнер для сміття бджілка PET (14.7*20.5*21) PET пластик код. 0088 (арт. J06-6336)"
"4825020800678";9;190;109;"Контейнер для сміття дракон PET (16*15*23.5) PET пластик код. 0067 (арт. X10-XQ-897 )"
"4825020800654";4;190;114;"Контейнер для сміття олень PET (14.5*14.5*24) PET пластик код. 0065 (арт. X10-XQ-898 )"
"4825020801637";74;300;200;"Контейнер для холодильника дренаж та клапан  5  PET PET пластик код. 0163 (арт. 2218)"
"4825020801644";2;350;250;"Контейнер для холодильника дренаж та клапан  6  PET PET пластик код. 0164 (арт. 2219)"
"4825020801651";51;380;300;"Контейнер для холодильника дренаж та клапан  7  PET PET пластик код. 0165 (арт. 2220)"
"4825020801675";56;420;350;"Контейнер для холодильника дренаж та клапан  9  PET  PET пластик код. 0167 (арт. 2222)"
"4825020802672";5;500;324;"Контейнери (набір) пластик код. 0267 (арт. 50208-M56-6241-4)"
"4825020801569";1;250;155;"Корзина велика квадрат   PET (35*18*35.1) PET пластик  код. 0156 (арт. C43-3012 )"
"4825020800739";26;250;144;"Корзина для зберігання велика PET  (36*28*19) PET пластик код. 0073 (арт. X10-XQ-322 )"
"4825020800715";61;160;106;"Корзина для зберігання маленька PET (28*22*14.5) PET пластик код. 0071 (арт. X10-XQ-320 )"
"4825020800722";51;200;120;"Корзина для зберігання середня PET (32*22*16) PET пластик код. 0072 (арт. X10-XQ-321 )"
"4825020801460";1;160;94;"Корзина з гумовими ручками середня PET (30*17*34) PET пластик  код. 0146 (арт. W16-2488)"
"4825020801446";157;60;35;"Корзина середня 1 PET (24.5*17*13) PET пластик  код. 0144 (арт. Y03-322)"
"4825020801453";93;100;54;"Корзина середня 2 PET (29*20*15) PET пластик  код. 0145 (арт. Y03-323 )"
"4825020801552";2;160;102;"Корзина середня квадрат PET (27*33.3*15) PET пластик  код. 0155 (арт. C43-3011 )"
"4825020801415";57;50;33;"Корзинка підвісна маленька PET  (17*19*15.5) PET пластик  код. 0141 (арт. C06-602 )"
"4825020801408";37;50;36;"Корзинка підвісна середня PET (22*15.5*13) PET пластик  код. 0140 (арт. C06-603 )"
"4825020802610";1;220;146;"Коробка (органайзер) пластик код. 0261 (арт. 50208-X10-6558)"
"4825020802627";13;210;137;"Коробка (органайзер) пластик код. 0262 (арт. 50208-X10-6565)"
"4825020802634";10;240;156;"Коробка (органайзер) пластик код. 0263 (арт. 50208-X10-6566)"
"4825020802696";20;900;606;"Кріплення для зубних щіток  пластик код. 0269 (арт. 50208-R24-RA923)"
"4825020802702";3;800;525;"Кріплення для зубних щіток  пластик код. 0270 (арт. 50208-R24-RA922)"
"4823591602813";399;50;26;"Кріплення для організації дротів (набір)  пластик код. 0281 (арт. 35916-XY-0577)"
"4823591602820";637;50;25;"Кріплення для організації дротів (набір)  пластик код. 0282 (арт. 35916-XY-0583)"
"4823591602837";636;50;27;"Кріплення для організації дротів (набір)  пластик код. 0283 (арт. 35916-XY-0576)"
"4823591602844";659;50;24;"Кріплення для організації дротів (набір)  пластик код. 0284 (арт. 35916-XY-0575)"
"4825020801491";44;170;125;"Кутова поличка ванна PET (32*10*5) PET пластик  код. 0149 (арт. K10-2749 )"
"4823603102294";30;220;141;"Ланч бокс пластик код. 0229 (арт. 36031-0531)"
"4823603102300";59;220;141;"Ланч бокс пластик код. 0230 (арт. 36031-0352)"
"4823603102317";7;220;141;"Ланч бокс пластик код. 0231 (арт. 36031-1337)"
"4823603102324";50;220;141;"Ланч бокс пластик код. 0232 (арт. 36031-1338)"
"4823603102331";66;200;125;"Ланч бокс пластик код. 0233 (арт. 36031-0230)"
"4823603102348";119;180;110;"Ланч бокс пластик код. 0234 (арт. 36031-0213)"
"4823603102362";3;220;133;"Ланч бокс пластик код. 0236 (арт. 36031-240)"
"4823603102386";31;250;138;"Ланч бокс пластик код. 0238 (арт. 36031-0117)"
"4823603102393";50;350;227;"Ланч бокс пластик код. 0239 (арт. 36031-0551)"
"4823603102409";3;250;156;"Ланч бокс пластик код. 0240 (арт. 36031-345)"
"4823603102423";44;140;78;"Ланч бокс пластик код. 0242 (арт. 36031-238)"
"4827230000015";152;45;25;"Ложка для сипучих з кліпсою для закриття пакетів  PET  PET пластик код. L3-001 (арт. L3-001 )"
"4825020801521";107;50;35;"Магнітна кліпса  4 шт PET пластик  код. 0152 (арт. S91-4PC )"
"4825020801514";1;75;57;"Магнітна кліпса  6 шт. PET  PET пластик  код. 0151 (арт. S91-6PC )"
"4825020801286";77;90;68;"Мильниця  PET (10.5*9*18) PET пластик  код. 0128 (арт. J112-JW001-QS )"
"4825020801323";22;170;125;"Мильниця 5  PET PET пластик  код. 0132 (арт. F33-58830 )"
"4825020801330";33;250;183;"Мильниця 6 велика  PET PET пластик  код. 0133 (арт. F33-58831 )"
"4825020801347";3;320;231;"Мильниця 7 подвійна PET PET пластик  код. 0134 (арт. F33-58841 )"
"4825020801293";102;120;78;"Мильниця подвійна 2 PET (17.5*18.5*2.5) PET пластик  код. 0129 (арт. B09-2189 )"
"4825020801309";130;80;43;"Мильниця подвійна 3 PET (16*8) PET пластик  код. 0130 (арт. B09-2011 )"
"4823492300016";159;85;46;"Мочалка нейлон восьминіг  Нейлон код. 349230001 (арт. )"
"4823492300047";289;60;33;"Мочалка нейлон на присосці Нейлон код. 349230004 (арт. )"
"4823492300030";53;90;51;"Мочалка нейлон пес/анм Нейлон код. 349230003 (арт. )"
"4823492300023";136;65;35;"Мочалка нейлон сер/ зір Нейлон код. 349230002 (арт. )"
"4823603102461";167;200;116;"Набір виделок для фрукти пластик-метал код. 0246 (арт. 36031-707)"
"4823603102478";172;200;116;"Набір виделок для фрукти пластик-метал код. 0247 (арт. 36031-573)"
"4823603102485";163;200;116;"Набір виделок для фрукти пластик-метал код. 0248 (арт. 36031-706)"
"4823591602875";240;60;30;"Набір гачків на стіну (для картин) пластик код. 0287 (арт. 35916-xy-0104)"
"4823591602714";148;60;32;"Набір гачків на стіну пластик код. 0271 (арт. 35916-M-00403)"
"4823591602721";397;55;30;"Набір гачків на стіну пластик код. 0272 (арт. 35916-S-10014)"
"4823591602738";393;50;25;"Набір гачків на стіну пластик код. 0273 (арт. 35916-M-00417)"
"4823591602745";393;50;25;"Набір гачків на стіну пластик код. 0274 (арт. 35916-M-00418)"
"4823591602752";120;50;25;"Набір гачків на стіну пластик код. 0275 (арт. 35916-10026)"
"4823591602851";420;70;33;"Набір гачків на стіну пластик код. 0285 (арт. 35916-M-10963)"
"4823591602868";420;50;25;"Набір гачків на стіну пластик код. 0286 (арт. 35916-xy-0102)"
"4823591602905";234;100;56;"Набір гачків на стіну пластик код. 0290 (арт. 35916-XY-0526)"
"4823591602912";90;140;75;"Набір гачків на стіну пластик код. 0291 (арт. 35916-XY-0525)"
"4823591602929";172;120;66;"Набір гачків на стіну пластик код. 0292 (арт. 35916-XY-0540)"
"4825020801019";30;200;114;"Набір тарілок  PET (15*7) PET пластик код. 0101 (арт. B03-4208 )"
"4825020801026";32;200;129;"Набір тарілок квадрат PET  PET пластик код. 0102 (арт. B03-4209 )"
"4823431902134";38;1500;986;"Набір чайник чашки керамічна код. 0213 (арт. 34319-251-13)"
"4825020800906";25;130;83;"Органайзер для зберігання (ванна) курчаPET (13.5*12) PET пластик код. 0090 (арт. M04-8730 )"
"4825020801125";196;105;80;"Органайзер для зберігання косметичних засобів (10.5*5*20) PET пластик  код. 0112 (арт. Q35-7144 )"
"4825020800890";35;120;76;"Органайзер для зберігання курча PET (13*11.8) PET пластик код. 0089 (арт. M04-8731 )"
"4825020800913";31;55;35;"Органайзер для зубних щіток качка PET (15*12*6.5) PET пластик код. 0091 (арт. J06-6348 )"
"4825020801118";73;375;250;"Органайзер для косметичних засобів    код. 0111 (арт. Q35-QY2107)"
"4825020801682";7;250;190;"Органайзер для косметичних засобів 1 PET  PET пластик код. 0168 (арт. QY7419 )"
"4825020801736";4;200;145;"Органайзер для косметичних засобів 6 PET  PET пластик код. 0173 (арт. QY2351 )"
"4825020801743";2;200;157;"Органайзер для косметичних засобів 7 PET  PET пластик код. 0174 (арт. QY2352  )"
"4825020801750";4;200;165;"Органайзер для косметичних засобів 8 PET   PET пластик код. 0175 (арт. QY2353 )"
"4825020801439";29;200;144;"Підвісний органайзер на 6 секцій у шафу прозорий PET  ((36*8.2*10.5) PET пластик  код. 0143 (арт. N12- )"
"4820769502517";27;400;258;"Підставка для канцтоварів полімер код. 0251 (арт. 7695-GL2166)"
"4820769502524";34;400;266;"Підставка для канцтоварів полімер код. 0252 (арт. 7695-GL2240)"
"4820769502531";15;400;266;"Підставка для канцтоварів полімер код. 0253 (арт. 7695-GL2333)"
"4820769502562";7;400;251;"Підставка для канцтоварів полімер код. 0256 (арт. 7695-GL2320)"
"4820769502593";2;400;251;"Підставка для канцтоварів полімер код. 0259 (арт. 7695-GL2325)"
"4820769502609";19;400;251;"Підставка для канцтоварів полімер код. 0260 (арт. 7695-GL2327)"
"4827514005224";12;600;436;"Підставка для ключів біла (полімер) Полімер код. HP-52B (арт. HP-52B )"
"4827514002056";1;750;553;"Підставка для ключів ведмідь (полімер) Полімер код. BN-205 (арт. BN-205 )"
"4827514016213";1;500;363;"Підставка для ключів качка 1 (полімер) Полімер код. BN-162A (арт. BN-162A )"
"4827514016220";2;500;363;"Підставка для ключів качка 2 (полімер) Полімер код. BN162B  (арт. BN162B )"
"4827514005231";11;600;436;"Підставка для ключів рожева (полімер) Полімер код. HP-52C (арт. HP-52C  )"
"4827514005217";11;600;436;"Підставка для ключів синя (полімер) Полімер код. HP-52A (арт. HP-52A  )"
"4825020800241";1;300;210;"Підставка що обертається (біла)  PET  (29*8.5) PET пластик код. 0024 (арт. P11-D31-1 )"
"4825020800258";5;150;104;"Підставка що обертається (жовта) PET (27*8) PET пластик код. 0025 (арт. L68-9561)"
"4823511403148";24;400;258;"Пляшка подвійна скло  код. 0314 (арт. 35114-LCKW5329)"
"4823511403155";29;300;196;"Пляшка подвійна скло  код. 0315 (арт. 35114-LCKW6516)"
"4823511403162";1;400;243;"Пляшка подвійна скло  код. 0316 (арт. 35114-LCKW5307)"
"4823591602776";420;50;25;"Примач на двері пластик код. 0277 (арт. 35916-XY-0901)"
"4823591602806";419;50;24;"Примач на двері пластик код. 0280 (арт. 35916-XY-0912)"
"4823591602899";477;80;43;"Прозора наліпка силікон код. 0289 (арт. 35916-S-10863)"
"4825020801231";275;150;100;"Розпилювач для олії  скло,  КОД: 0123  (арт.) Y27-J001"
"4825020801507";3;220;162;"Розсувна корзинка для раковин прозора  PET(46.5*20.5*36) PET пластик  код. 0150 (арт. X51-8129 )"
"4825020800623";137;110;87;"Рушляк з основою квадратний великий PET (25*12.5) PET пластик код. 0062 (арт. X10-XQ-0087 )"
"4823688000072";813;125;75;"Серветки 100% бав. (тканина) 50 шт. Віскоза код. 05001  (арт. ) 36880-TDC07"
"4823688000010";1117;180;120;"Серветки 100% бав. (тканина) 70 шт. Віскоза код. 07001 (арт. ) 36880-LYXC001"
"4823603102492";95;80;70;"Таймер пластик код. 0249 (арт. 36031-194-1)"
"4823603102508";168;80;70;"Таймер пластик код. 0250 (арт. 36031-261)"
"4825020800791";54;200;145;"Тарілка 6 шт.  PET (22.5*20.5*10) PET пластик код. 0079 (арт. X10-6531 )"
"4821746505088";100;400;250;"Акумуляторна чаша для змішування  РЕТ пластик  КОД:  0508  (арт.)"
"4823511405623";93;300;200;"Баночка (2 шари), одинарний 9X6 см, високе боросилікатне скло  Скло бамбук  КОД:  0562  (арт.) 5249"
"4823511405548";238;180;110;"Баночка з бамбуковою кришкою O110*100  Скло бамбук  КОД:  0554  (арт.) 4193"
"4823511405555";224;200;130;"Баночка з бамбуковою кришкою O110*150  Скло бамбук  КОД:  0555  (арт.) 4195"
"4823511405562";212;220;140;"Баночка з бамбуковою кришкою O110*200  Скло бамбук  КОД:  0556  (арт.) 4196"
"4823511405579";73;160;100;"Баночка з бамбуковою кришкою, 450 мл, боросилікатне скло  Скло бамбук  КОД:  0557  (арт.) 693"
"4823511405586";134;170;110;"Баночка з бамбуковою кришкою, 800 мл, боросилікатне скло  Скло бамбук  КОД:  0558  (арт.) 692"
"4823511405616";104;280;190;"Баночка з діамантовою бамбуковою кришкою, 1050 мл  Скло бамбук  КОД:  0561  (арт.) 7293"
"4823511405609";94;230;155;"Баночка з діамантовою бамбуковою кришкою, 550 мл  Скло бамбук  КОД:  0560  (арт.) 7164"
"4821746505071";196;300;200;"Блендер для смузі акумуляторний  РЕТ пластик  КОД:  0507  (арт.)"
"4825020803426";45;260;200;"Бокс для зберігання косметичного приладдя  код. 0342 (арт. Q35-QY7160)"
"4820341804510";136;320;230;"Вакуумна емність для холодильника з ручкою  РЕТ пластик  КОД:  0451  (арт.) F314-027"
"4820341804534";305;150;100;"Вакуумний насос  РЕТ пластик  КОД:  0453  (арт.) 21"
"4820661605231";108;300;230;"Велика кругла чашка, олень що тягне візок  кераміка,  КОД: 0523  (арт.) LC001/ 209"
"4825020806236";48;400;240;"Великий кошик для зберігання дрібних речей  PET пластик,  КОД: 0623  (арт.) 3360"
"4825020806175";74;400;290;"Великий плетений кошик для зберігання з кришкою, 36,5*26*24  PET пластик,  КОД: 0617  (арт.) 3321"
"4820661605255";72;370;290;"Витончена кавова чашка з блюдцем, лижний ведмідь  кераміка,  КОД: 0525  (арт.) LC014/ 206"
"4820661605224";108;250;190;"Воронкоподібна чаша: олень, що тягне візок  кераміка,  КОД: 0522  (арт.) LC008-1/ 209"
"4823511405593";95;180;120;"Герметична баночка з бамбуковою кришкою, 1000 мл, боросилікатне скло  Скло бамбук  КОД:  0559  (арт.) 691"
"4825020804089";206;165;90;"Герметичний контейнер квадратний 10*10  код. 0408 (арт. B35-302  PET)"
"4825020804072";146;240;130;"Герметичний контейнер квадратний 13*13  код. 0407 (арт. B35-301  PET)"
"4825020804065";78;340;185;"Герметичний контейнер квадратний 16*16  код. 0406 (арт. B35-300  PET)"
"4825020804096";328;120;65;"Герметичний контейнер квадратний 8*8  код. 0409 (арт. B35-303  PET)"
"4825020804126";223;150;80;"Герметичний контейнер круглий 10*10  код. 0412 (арт. B35-292  PET)"
"4825020804119";163;230;125;"Герметичний контейнер круглий 13*13  код. 0411 (арт. B35-291  PET)"
"4825020804102";91;310;170;"Герметичний контейнер круглий 16*16  код. 0410 (арт. B35-290  PET)"
"4820661605279";72;700;550;"Глечики для молока: Лісовий сніговик  кераміка,  КОД: 0527  (арт.) LC019-1/218"
"4825020804249";287;40;22;"Горщик для зберігання квадратний  10*10  код. 0424 (арт. 806)"
"4825020804232";300;40;22;"Горщик для зберігання круглий 10*10  код. 0423 (арт. 805)"
"4825020804256";253;80;47;"Горщик для зберігання прямокутний   20*15  код. 0425 (арт. 807)"
"4825020804263";243;88;50;"Горщик для зберігання прямокутний   25*12  код. 0426 (арт. 808)"
"4825020804270";114;160;95;"Горщик для зберігання прямокутний   30*15  код. 0427 (арт. 609)"
"4825020804287";77;250;135;"Горщик для зберігання прямокутний   33*26  код. 0428 (арт. 809)"
"482502080601";89;450;300;"Дворівнева полиця  пластик метал,  КОД: 0601  (арт.) AS"
"4825020803563";4;5500;4050;"Двоярусна шафка для зберігання  код. 0356 (арт. 9010-1+2)"
"4825020803754";33;1500;1000;"Диспенсер для круп 6 конт. Прямокутний  код. 0375 (арт. 3330)"
"4825020803457";7;1150;855;"Диспенсер для крупи   код. 0345 (арт. X78-8041PET)"
"4825020803464";20;1150;715;"Диспенсер для крупи   код. 0346 (арт. X78-8040PET)"
"4825020803273";50;180;160;"Диспенсер для рідин  код. 0327 (арт. S44-S2308585)"
"4820341804541";7;1300;750;"Діспенсер для круп на 6 кг  РЕТ пластик  КОД:  0454  (арт.) 22"
"4825020803310";4;240;180;"Діспенсер для рідин зі щіткою   код. 0331 (арт. S44-S2308583)"
"482502080578";530;120;50;"Дренажний резервуар  PET пластик,  КОД: 0578  (арт.) AS-PET"
"4821615504648";42;280;170;"Ємність для зберігання герметична
1,1 л  РЕТ пластик  КОД:  0464  (арт.) 705-6643"
"4821615504655";66;350;205;"Ємність для зберігання герметична
1,8 л  РЕТ пластик  КОД:  0465  (арт.) 705-6644"
"4821615504662";19;400;250;"Ємність для зберігання герметична
2,3 л  РЕТ пластик  КОД:  0466  (арт.) 705-6645"
"4823511405524";212;320;210;"Ємність для приправ 19,5*10 см  Скло бамбук  КОД:  0552  (арт.) 2401"
"4823511405517";66;380;250;"Ємність для приправ 29*10 см  Скло бамбук  КОД:  0551  (арт.) 2400"
"4823538905045";31;680;450;"Ємність скляна з корковою пробкою (3 шт.)  Скло  КОД:  0504  (арт.)"
"4823538905052";34;880;590;"Ємність скляна з корковою пробкою (4 шт.)  Скло  КОД:  0505  (арт.)"
"4821615504594";212;280;170;"Квадратна вакуумна коробка
1,2 л бежева  РЕТ пластик  КОД:  0459  (арт.) 630-8808"
"4821615504600";206;310;190;"Квадратна вакуумна коробка
1,6 л бежева  РЕТ пластик  КОД:  0460  (арт.) 630-8809"
"4821615504617";98;390;240;"Квадратна вакуумна коробка
2,8 л бежева  РЕТ пластик  КОД:  0461  (арт.) 630-8810"
"4821615504693";223;340;200;"Квадратна герметична банка
1 л  РЕТ пластик  КОД:  0469  (арт.) 672-0666"
"4821615504686";342;270;165;"Квадратна герметична банка
300 мл  РЕТ пластик  КОД:  0468  (арт.) 672-0665"
"4820661605316";36;700;540;"Квадратний горщик: вінтажна смужка  кераміка,  КОД: 0531  (арт.) LC020/203"
"4820341804459";19;200;130;"Квадратний настільний кошик для сміття  Пластик  КОД:  0445  (арт.) F264-TG3720"
"4825033104916";481;150;80;"Килимок 38*58    КОД:  0491  (арт.)"
"4825033104923";36;380;220;"Килимок 38*58+38*118    КОД:  0492  (арт.)"
"4825033104930";153;380;220;"Килимок 38*58+38*118    КОД:  0493  (арт.)"
"4825033104947";279;600;370;"Килимок 48*78+48*148    КОД:  0494  (арт.)"
"4825033104954";50;600;370;"Килимок 48*78+48*148    КОД:  0495  (арт.)"
"4825020803761";79;230;140;"Кліпси для білизни + корзинка  код. 0376 (арт. 887FBB24)"
"4825020804317";43;500;450;"Контейнер для брудної білизни 40 л.  код. 0431 (арт. 901)"
"4825020804324";23;600;560;"Контейнер для брудної білизни 45 л.  код. 0432 (арт. 902)"
"4825020801576";37;240;160;"Контейнер для зберігання   код. 0157 (арт. 2212)"
"4825020801613";23;350;280;"Контейнер для зберігання   код. 0161 (арт. 2216)"
"4825020803358";23;445;330;"Контейнер для зберігання   код. 0335 (арт. W51-WS101)"
"4825020803365";58;345;250;"Контейнер для зберігання   код. 0336 (арт. W51-WS102)"
"4825020804294";115;150;115;"Контейнер для зберігання на кухню косий  код. 0429 (арт. 627)"
"4825020804300";84;180;140;"Контейнер для зберігання на кухню косий  код. 0430 (арт. 628)"
"4825020803389";53;120;80;"Контейнер для зберігання приправ 3 шт.   код. 0338 (арт. X37-8303-2)"
"4825020803396";35;160;105;"Контейнер для зберігання приправ 4 шт.   код. 0339 (арт. X37-8304-2)"
"4825020803341";61;245;150;"Контейнер для зберігання чаю   код. 0334 (арт. H01-2306)"
"4821615504563";224;110;67;"Контейнер для приправ   РЕТ пластик  КОД:  0456  (арт.) 920-3330"
"4825020804140";96;250;125;"Контейнер для продуктів 1500 мл.   код. 0414 (арт. K10-2673)"
"4825020803433";125;250;185;"Контейнер для серветок  код. 0343 (арт. X78-9018-1PET)"
"4825020803440";40;260;200;"Контейнер для серветок  код. 0344 (арт. X78-9009PET)"
"4825020804157";7;250;175;"Контейнер для серветок настінний   код. 0415 (арт. GO-90)"
"4825020804188";64;270;170;"Контейнер для сміття  код. 0418 (арт. 6802)"
"4820341804381";47;630;515;"Контейнер для сміття 10 л  Пластик  КОД:  0438  (арт.) F321-6115D 10L"
"4820341804343";31;540;395;"Контейнер для сміття 11 л  Пластик  КОД:  0434  (арт.) F342-03 11L"
"4820341804398";29;800;660;"Контейнер для сміття 14 л  Пластик  КОД:  0439  (арт.) F321-6116D 14L"
"4820341804336";37;700;520;"Контейнер для сміття 15 л  Пластик  КОД:  0433  (арт.) F342-03 15L"
"4820341804367";168;500;370;"Контейнер для сміття 15 л  Пластик  КОД:  0436  (арт.) F347-PP15L"
"4820341804480";17;3000;2030;"Контейнер для сміття 15 л з датчиком  Метал  КОД:  0448  (арт.) F321-9810 15L"
"4820341804497";28;3200;2200;"Контейнер для сміття 20 л з датчиком  Метал  КОД:  0449  (арт.) F321-9811 20L"
"4825020804171";24;630;370;"Контейнер для сміття 25*20*35  код. 0417 (арт. 2915)"
"4825020804201";16;550;340;"Контейнер для сміття 25*20*35  код. 0420 (арт. 6813)"
"4825020804195";43;390;240;"Контейнер для сміття 28*17*24  код. 0419 (арт. 6812)"
"4825020804218";15;650;410;"Контейнер для сміття 28*22*39  код. 0421 (арт. 6814)"
"4825020804164";7;750;440;"Контейнер для сміття 29*23*40  код. 0416 (арт. 2914)"
"4825020804225";47;280;160;"Контейнер для сміття 30*20*27  код. 0422 (арт. 6605)"
"4820341804404";47;500;380;"Контейнер для сміття 7 л  Пластик  КОД:  0440  (арт.) F321-556 7L"
"4820341804435";81;280;200;"Контейнер для сміття 7 л  Пластик  КОД:  0443  (арт.) F264-TG3926"
"4820341804350";5;2000;1550;"Контейнер для сміття 9 л  Пластик  КОД:  0435  (арт.) F321-6715D 9L"
"4820341804411";51;580;440;"Контейнер для сміття 9 л  Пластик  КОД:  0441  (арт.) F321-557 9L"
"4820341804428";98;310;225;"Контейнер для сміття 9 л  Пластик  КОД:  0442  (арт.) F264-TG5036"
"4820341804473";32;2100;1400;"Контейнер для сміття 9 л з датчиком  Метал  КОД:  0447  (арт.) F321-9809 9L"
"4821615504556";100;350;230;"Контейнер для яєць, 2х рівневий, на 32 яйця  РЕТ пластик  КОД:  0455  (арт.) 925-8011-3-A"
"4821615500220";96;330;250;"Контейнер для яєць, на 36 яєць,  РЕТ пластик  КОД:  0022  (арт.) 960-9221"
"4821615504570";75;320;180;"Контейнер настінний для сипучих продуктів   РЕТ пластик  КОД:  0457  (арт.) 552-2155"
"4825020806304";124;200;130;"Коробка для зберігання мала  PET пластик,  КОД: 0630  (арт.) 1195"
"482502080576";73;350;260;"Коробка для пельменів 3 шари  PET пластик,  КОД: 0576  (арт.) K10-2725-3"
"4821615504761";6;1300;700;"Коробка зі складним багатоярусним органайзером  Пластик  КОД:  0476  (арт.) 616-5280"
"4820341804466";83;1100;650;"Кошик для сміття настільний 2 л акумуляторний  Пластик  КОД:  0446  (арт.) F321-666 2L"
"4820661605309";72;380;290;"Кругла чашка з блюдчем: Лісовий сніговик  кераміка,  КОД: 0530  (арт.) LC014/ 218"
"4820661605262";108;300;230;"Кругла чашка, лижний ведмідь  кераміка,  КОД: 0526  (арт.) LC001/ 206"
"4820341804503";13;1100;650;"Круглий  індукційний контейнер для сміття (модель з сухим акумулятором на 10 л)  Пластик  КОД:  0450  (арт.) F264-6120"
"4825020803471";78;230;120;"Круглий прозорий контейнер  для серветок  код. 0347 (арт. M23-8010)"
"4820661605347";108;250;185;"Кружка Bullet: Вінтажна смужка  кераміка,  КОД: 0534  (арт.) LC002/ 203"
"4823511405425";199;130;77;"Кружка O8,5*11, 350 мл  Скло  КОД:  0542  (арт.) 1449"
"4825020806168";875;100;60;"Кухонна дренажна сітка 100шт  PET пластик,  КОД: 0616  (арт.) H149"
"482502080591";141;300;200;"Лоток для кухонних паличок - 3 рівні  PET пластик,  КОД: 0591  (арт.) W16-A123"
"4825020806199";163;200;120;"Маленький плетений кошик для зберігання з кришкою, 25,5*18*16  PET пластик,  КОД: 0619  (арт.) 3325"
"4825020804041";181;150;65;"Мильниця на присосці   код. 0404 (арт. F34)"
"4825020803297";159;280;205;"Мильниця настінна  код. 0329 (арт. T38-W0142)"
"4820370006503";874;90;45;"М'яка кришка для ємностей 100 шт.  Поліетилен  КОД:  0650  (арт.) W037"
"4820620006499";458;150;75;"М'яка кришка для ємностей 200 шт.  Поліетилен  КОД:  0649  (арт.) W062"
"4825020803778";79;230;140;"Набір 36 кліпс + 10 метрів шворка + корзинка  код. 0377 (арт. 886L)"
"4825020803785";68;220;135;"Набір 36 кліпс + корзинка  код. 0378 (арт. 897F)"
"4823511405531";99;560;380;"Набір баночок для приправ  Скло бамбук  КОД:  0553  (арт.) 4106"
"4820341804527";133;750;550;"Набір вакуумних контейнерів для холодильника  РЕТ пластик  КОД:  0452  (арт.) F314-024+025+026"
"4825020805796";555;100;50;"Набір для спецій  PET пластик,  КОД: 0579  (арт.) AB11-YKL024"
"4825020805819";252;250;150;"Набір для спецій  PET пластик,  КОД: 0581  (арт.) M07-1908"
"4825020805826";224;250;150;"Набір для спецій  PET пластик,  КОД: 0582  (арт.) M07-1913"
"4825020805833";169;250;150;"Набір для спецій  PET пластик,  КОД: 0583  (арт.) M07-1909"
"4825020803570";27;500;450;"Набір підносів  квадрат 3 шт.   код. 0357 (арт. A907-1)"
"4825020803587";24;400;350;"Набір підносів  овал 3 шт.   код. 0358 (арт. A905-1)"
"4825020804058";49;250;120;"Настінна поличка у ванну   код. 0405 (арт. Y143-2103)"
"482502080587";89;250;150;"Настінна скринька для серветок  PET пластик,  КОД: 0587  (арт.) K10-2883"
"4825020803242";11;515;360;"Настінний тримач для паперових рушників  код. 0324 (арт. X119-2002)"
"4825020806205";223;150;100;"Невеликий плетений кошик для зберігання з кришкою, 25,5*18*8  PET пластик,  КОД: 0620  (арт.) 3326"
"4825020806298";52;400;260;"Новий порожнистий ящик для зберігання
Великий з кришкою  PET пластик,  КОД: 0629  (арт.) 1201"
"4825020806281";87;250;160;"Новий порожнистий ящик для зберігання
Маленький з кришкою  PET пластик,  КОД: 0628  (арт.) 1200"
"4825020806151";1241;150;85;"Одноразова підвісна сітка 50шт в упаковці  PET пластик,  КОД: 0615  (арт.) S44"
"4825020806366";360;150;75;"Органайзер 1  PET пластик,  КОД: 0636  (арт.)"
"4825020806373";190;170;120;"Органайзер 2  PET пластик,  КОД: 0637  (арт.)"
"4825020806380";138;250;160;"Органайзер 3  PET пластик,  КОД: 0638  (арт.)"
"4825020803952";15;600;550;"Органайзер для зберігання на 24 відділеня   код. 0395 (арт. J06-6695)"
"4825020804010";31;400;300;"Органайзер для зберігання роутера, кабелів, тощо  1 рівень  код. 0401 (арт. J06-6599)"
"4825020803990";17;600;500;"Органайзер для зберігання роутера, кабелів, тощо  3 рівня  код. 0399 (арт. J06-6597)"
"4825020803983";20;650;550;"Органайзер для зберігання роутера, кабелів, тощо  4 рівня  код. 0398 (арт. J06-6596)"
"4825020804003";17;500;400;"Органайзер для зберігання роутера, кабелів, тощо 2 рівня  код. 0400 (арт. J06-6598)"
"4825020803969";22;470;345;"Органайзер для зберінання   код. 0396 (арт. J06-6799)"
"4825020803976";41;260;190;"Органайзер для зберінання   код. 0397 (арт. J06-6800)"
"482502080595";28;1400;990;"Органайзер для косметичних засобів  PET пластик,  КОД: 0595  (арт.) J01-3028"
"4825020805970";171;250;150;"Органайзер для ножів і виделок  PET пластик,  КОД: 0597  (арт.) K03-8046"
"4825020805987";235;230;130;"Органайзер для ножів і виделок  PET пластик,  КОД: 0598  (арт.) K03-8045"
"4825020805994";190;300;200;"Органайзер для ножів і виделок  PET пластик,  КОД: 0599  (арт.) AJ19-842"
"4825020806007";114;500;350;"Органайзер для ножів і виделок  PET пластик,  КОД: 0600  (арт.) Z54-A-555"
"4825020806359";28;250;170;"Органайзер для шкарпеток  PET пластик,  КОД: 0635  (арт.) 1205"
"4825020805772";207;150;75;"Органайзер для яєць  PET пластик,  КОД: 0577  (арт.) AJ19-JJ-80077"
"4825020806397";91;220;150;"Органайзер для яєць  PET пластик,  КОД: 0639  (арт.) Y146-PC"
"4825020806403";104;220;150;"Органайзер для яєць  PET пластик,  КОД: 0640  (арт.) Y146-PC"
"4821615504723";58;210;125;"Органайзер з двома відділеннями  Пластик  КОД:  0472  (арт.) 726-A1312300"
"4821615504716";60;240;140;"Органайзер з трьома відділеннями (малий))  Пластик  КОД:  0471  (арт.) 726-P11050176"
"4821615504747";23;550;330;"Органайзер з трьома відділеннями (малий))  Пластик  КОД:  0474  (арт.) 726-A1311800"
"4821615504730";55;175;99;"Органайзер з чотирма відділеннями (малий)  Пластик  КОД:  0473  (арт.) 726-A1312100"
"4821615504709";56;300;180;"Органайзер на шість відділень (середній)  Пластик  КОД:  0470  (арт.) 726-P11010059"
"4825020806328";52;350;220;"Організатор з ручкою для перенесення великий  PET пластик,  КОД: 0632  (арт.) 1197"
"4825020806335";52;400;280;"Організатор з ручкою для перенесення великий  PET пластик,  КОД: 0633  (арт.) 1198"
"4825020806342";52;500;330;"Організатор з ручкою для перенесення великий  PET пластик,  КОД: 0634  (арт.) 1199"
"4825020806311";88;250;170;"Організатор з ручкою для перенесення малий  PET пластик,  КОД: 0631  (арт.) 1196"
"4825020803808";62;250;150;"Підвісні кліпси 18 шт. для сушіння білизни  код. 0380 (арт. 318)"
"4825020803822";73;250;150;"Підвісні кліпси 18 шт. для сушіння білизни  код. 0382 (арт. 320)"
"4825020803815";62;270;165;"Підвісні кліпси 20 шт. для сушіння білизни  код. 0381 (арт. 319)"
"4825020803792";70;240;140;"Підвісні кліпси 22 шт. для сушіння білизни  код. 0379 (арт. 317)"
"4825020803402";6;210;110;"Піднос великий  код. 0340 (арт. Y146-PET)"
"4825020803419";4;205;110;"Піднос середній  код. 0341 (арт. Y146-PET)"
"4820751404898";28;650;400;"Підставка ананас  Полімер  КОД:  0489  (арт.) BN-267B"
"4820751404812";16;650;400;"Підставка ведмедик тип 1  бежева  Полімер  КОД:  0481  (арт.) BN-245B"
"4820751404805";19;650;400;"Підставка ведмедик тип 1  жовта  Полімер  КОД:  0480  (арт.) BN-245A"
"4820751404829";17;650;400;"Підставка ведмедик тип 1  коричнева  Полімер  КОД:  0482  (арт.) BN-245C"
"4820751404843";17;650;400;"Підставка ведмедик тип 2  бежева  Полімер  КОД:  0484  (арт.) BN-246B"
"4820751404836";20;650;400;"Підставка ведмедик тип 2  жовта  Полімер  КОД:  0483  (арт.) BN-246A"
"4820751404850";17;650;400;"Підставка ведмедик тип 2  коричнева  Полімер  КОД:  0485  (арт.) BN-246C"
"4820751404874";27;650;400;"Підставка пітахая  Полімер  КОД:  0487  (арт.) BN-267D"
"4820751404867";43;650;400;"Підставка слоник жовта  Полімер  КОД:  0486  (арт.) BN-212"
"4820751404881";27;650;400;"Підставка томат  Полімер  КОД:  0488  (арт.) BN-267F"
"4820751404904";24;650;400;"Підставка яблуко  Полімер  КОД:  0490  (арт.) BN-267C"
"4825020803877";16;260;210;"Пляшка 1000 мл. Релакс тайм   код. 0387 (арт. 5539)"
"4825020803921";30;260;200;"Пляшка 1260 мл.  Біг бел  код. 0392 (арт. 5521)"
"4825020803884";24;450;325;"Пляшка 1260 мл. Песик  код. 0388 (арт. 5540)"
"4825020803914";35;260;200;"Пляшка 1300 мл. Панда  код. 0391 (арт. 5520)"
"4825020803891";31;200;160;"Пляшка 450 мл. Прогрес  код. 0389 (арт. 5541)"
"4825020803853";5;200;160;"Пляшка 550 мл. Корівка  код. 0385 (арт. 5537)"
"4825020803860";6;200;160;"Пляшка 550 мл. Корівка 2  код. 0386 (арт. 5538)"
"4825020803846";13;200;150;"Пляшка 550 мл. Пончик  код. 0384 (арт. 5536)"
"4825020803907";34;200;150;"Пляшка 600 мл. Єксплор  код. 0390 (арт. 5542)"
"4825020803839";5;260;200;"Пляшка 900 мл. Кролик  код. 0383 (арт. 5535)"
"482502080593";83;350;190;"Поворотна полиця для спецій велика  PET пластик,  КОД: 0593  (арт.) Q04-0059"
"482502080594";75;300;170;"Поворотна полиця для спецій мала  PET пластик,  КОД: 0594  (арт.) Q04-0058"
"4820661605286";72;450;350;"Подвійна Т-подібна чашка: Лісовий єті  кераміка,  КОД: 0528  (арт.) LC010S2/ 218"
"4823538905014";163;110;70;"Подвійна чашка (з ручкою)  Скло  КОД:  0501  (арт.)"
"4823538905038";177;150;90;"Подвійна чашка (з ручкою)  Скло  КОД:  0503  (арт.)"
"4820661605323";72;450;340;"Подвійне маленьке відерце з блюдцем: вінтажна смужка  кераміка,  КОД: 0532  (арт.) LC015S2/ 203"
"4823538905021";184;100;58;"Подвійний стакан  Скло  КОД:  0502  (арт.)"
"4825020806045";15;1400;950;"Полиця 2 яруси 1 кошик  пластик,  КОД: 0604  (арт.) Y143-2280"
"4825020806038";16;1500;1000;"Полиця 3 полиці 1 кошик  пластик,  КОД: 0603  (арт.) Y143-2281"
"4825020806106";21;850;650;"Поличка  пластик,  КОД: 0610  (арт.) Y143-2240"
"4825020806113";24;900;700;"Поличка  пластик,  КОД: 0611  (арт.) F02-126-3"
"4825020806126";4;1000;800;"Поличка  пластик,  КОД: 0612  (арт.) F02-126-4"
"4825020806137";23;850;650;"Поличка  пластик,  КОД: 0613  (арт.) F02-138-7"
"4825020806144";7;950;750;"Поличка  пластик,  КОД: 0614  (арт.) Y173"
"4823644205091";19;2700;2100;"Поличка 2021-5  пластик ,  КОД: 0509  (арт.) 2021-5"
"4823644205114";20;3400;2600;"Поличка 2022-5  пластик ,  КОД: 0511  (арт.) 2022-5"
"4823644205107";19;4600;3500;"Поличка 2024-5  пластик ,  КОД: 0510  (арт.) 2024-5"
"4823644205121";17;3300;2500;"Поличка 7285-5  пластик ,  КОД: 0512  (арт.) 7285-5"
"4823644205138";17;3500;2800;"Поличка 7286-5  пластик ,  КОД: 0513  (арт.) 7286-5"
"4823644205145";19;4200;3300;"Поличка 7287-5  пластик ,  КОД: 0514  (арт.) 7287-5"
"4823644205176";20;3000;2400;"Поличка 9087-3  пластик ,  КОД: 0517  (арт.) 9087-3"
"4823644205169";20;2700;2100;"Поличка 9088-3  пластик ,  КОД: 0516  (арт.) 9088-3"
"4823644205152";17;2300;1900;"Поличка 9089-3  пластик ,  КОД: 0515  (арт.) 9089-3"
"4823644205183";6;2200;1700;"Поличка два яруса  Пластик  КОД:  0518  (арт.) 7057-3"
"4825020803617";1;1600;1200;"Поличка для зберігання 104 см.   код. 0361 (арт. 5005)"
"4825020803518";15;950;830;"Поличка для зберігання 2 рівня   код. 0351 (арт. 3086-2)"
"4825020803525";8;1250;1110;"Поличка для зберігання 3 рівня   код. 0352 (арт. 3086-3)"
"4825020803532";13;1450;1350;"Поличка для зберігання 4 рівня   код. 0353 (арт. 3086-4)"
"4825020803549";15;1900;1600;"Поличка для зберігання 5 рівнів  код. 0354 (арт. 3086-5)"
"4825020803594";1;1200;800;"Поличка для зберігання 64 см.  код. 0359 (арт. 5003)"
"4820751404799";134;220;150;"Поличка для ключів  Полімер  КОД:  0479  (арт.) 3"
"4825020806076";18;850;700;"Поличка для щілин на 4  пластик,  КОД: 0607  (арт.) Y143-2255"
"4825020806069";31;700;560;"Поличка для щілин потрійна  пластик,  КОД: 0606  (арт.) Y143-2254"
"4825020805758";173;300;220;"Поличка для яєць 2 яруси  PET пластик,  КОД: 0575  (арт.) F34-D-20"
"4825020805741";113;400;330;"Поличка для яєць 3 яруси  PET пластик,  КОД: 0574  (арт.) F34-D-19"
"4823644205206";9;2800;2100;"Поличка чотири яруса  Пластик  КОД:  0520  (арт.) 7057-5"
"4821615504679";132;90;48;"Прозора мильниця   Пластик  КОД:  0467  (арт.) 978-7705"
"4820661605248";108;330;250;"Пряма кавова чашка з блюдцем: Лижний ведмідь  кераміка,  КОД: 0524  (арт.) LC013/ 206"
"4821615504624";214;320;190;"Прямокутна вакуумна коробка
1,7 л бежева  РЕТ пластик  КОД:  0462  (арт.) 630-8806"
"4821615504631";205;360;220;"Прямокутна вакуумна коробка
2,5 л бежева  РЕТ пластик  КОД:  0463  (арт.) 630-8807"
"4825020803488";70;380;280;"Різак для харчової плівки  код. 0348 (арт. J89-1619)"
"4825020803495";76;470;340;"Різак для харчової плівки  код. 0349 (арт. J89-1619)"
"4820940006520";265;150;75;"Рукавички одноразові  100 шт.  Поліетилен  КОД:  0652  (арт.) W094"
"4820690006511";262;150;75;"Рукавички одноразові прозорі 100 шт. TPE  Поліетилен  КОД:  0651  (арт.) W069"
"4823688000027";799;135;85;"Серветки 100% бав. (тканина) 50 шт. Віскоза  код. 5002  код.  (арт. MNR-360)"
"4823688000034";439;180;120;"Серветки 100% бав. (тканина) 70 шт. Віскоза   код. 7002  (арт. MNR-361)"
"4825020806182";104;350;240;"Середній тканий кошик для зберігання з кришкою, 36,5*26*16  PET пластик,  КОД: 0618  (арт.) 3322"
"4820751404775";19;650;400;"Скарбничка баклажан  Полімер  КОД:  0477  (арт.) 1"
"4825020805925";68;250;150;"Складаний кошик для зливу води  PET пластик,  КОД: 0592  (арт.) D28-86001"
"4825020803556";15;800;700;"Складний контейнер для зберігання   код. 0355 (арт. 3085)"
"4825020806243";124;250;130;"Смугастий контейнер для зберігання  PET пластик,  КОД: 0624  (арт.) 1208"
"4825020806250";52;300;170;"Смугастий контейнер для зберігання  PET пластик,  КОД: 0625  (арт.) 1209"
"4825020806267";70;350;220;"Смугастий контейнер для зберігання  PET пластик,  КОД: 0626  (арт.) 1210"
"4825020806274";76;400;280;"Смугастий контейнер для зберігання  PET пластик,  КОД: 0627  (арт.) 1211"
"4823511405456";200;130;77;"Стакан   Скло  КОД:  0545  (арт.) 3881"
"4823511405463";96;130;77;"Стакан 310 мл  Скло  КОД:  0546  (арт.) 1478"
"4820661605330";108;350;230;"Т-подібна чашка: вінтажні смужки  кераміка,  КОД: 0533  (арт.) LC010/ 203"
"4825020803334";163;185;125;"Тримач для губки чи ганчірки на раковину  код. 0333 (арт. S44-ST2001)"
"4825020803327";38;250;200;"Тримач для паперових рушників   код. 0332 (арт. G13-2341-2)"
"4825020805888";186;200;100;"Тримач для паперових рушників великий
  PET пластик,  КОД: 0588  (арт.) 516D"
"4825020803235";72;375;260;"Тримач для туалетного папіру  код. 0323 (арт. K10-2756A)"
"4825020804034";162;150;65;"Тримач для фену  код. 0403 (арт. F34)"
"4825020805710";41;600;465;"Тришарова коробка для пельменів  PET пластик,  КОД: 0571  (арт.) W16-A119"
"482502080602";38;600;400;"Трьорівнева полиця  пластик метал,  КОД: 0602  (арт.) AS"
"4825020806052";17;1600;1100;"Трьорівнева полиця  пластик,  КОД: 0605  (арт.) Y143-2285"
"4820661605293";36;700;550;"Чайничок: Лісовий сніговик  кераміка,  КОД: 0529  (арт.) LC019/218"
"4823511405364";157;190;125;"Чашка   Скло  КОД:  0536  (арт.) 6492"
"4823511405371";157;190;125;"Чашка   Скло  КОД:  0537  (арт.) 6495"
"4823511405388";157;190;125;"Чашка   Скло  КОД:  0538  (арт.) 6239"
"4823511405432";166;130;77;"Чашка  O8.5*8, 300мл  Скло  КОД:  0543  (арт.) 4269"
"4823511405418";198;130;77;"Чашка 300 мл  Скло  КОД:  0541  (арт.) 4268"
"4823511405395";181;130;77;"Чашка 350 мл  Скло  КОД:  0539  (арт.) 1448"
"4823511405449";207;130;77;"Чашка 350 мл  Скло  КОД:  0544  (арт.) 4265"
"4823538904963";2;200;98;"Чашка з  природніми квітками  Скло  КОД:  0496  (арт.)"
"4823538905007";1;200;98;"Чашка з  природніми квітками  Скло  КОД:  0500  (арт.)"
"4821746505064";58;220;150;"Чашка з підігрівом від USB  РЕТ пластик  КОД:  0506  (арт.)"
"4820661605217";54;600;470;"Чашка і блюдце з подвійною смужкою: олень, що тягне віз  кераміка,  КОД: 0521  (арт.) LC011S2/ 209"
"4823511405401";186;130;77;"Чашка прозора 400 мл  Скло  КОД:  0540  (арт.) 4267"
"4820661605354";108;350;230;"Чашка ургла: вінтажні смужки  кераміка,  КОД: 0535  (арт.) LC001/ 203"
"4829201206419";61;320;210;"Шафка для зберігання  Дерево  КОД:  0641  (арт.) 9201-22A"
"4829201406420";59;320;210;"Шафка для зберігання  Дерево  КОД:  0642  (арт.) 9201-A4"
"4829581206436";34;600;400;"Шафка для зберігання  Дерево  КОД:  0643  (арт.) ML9581-22A"
"4829581406447";36;600;400;"Шафка для зберігання  Дерево  КОД:  0644  (арт.) ML9581-A4"
"4829551206459";34;560;380;"Шафка для зберігання  Дерево  КОД:  0645  (арт.) ML9551-22A"
"4829551406460";35;560;380;"Шафка для зберігання  Дерево  КОД:  0646  (арт.) ML9551-A4"
"4829586206486";373;230;150;"Шафка для зберігання  Дерево  КОД:  0648  (арт.) ML9586-24L,1#"
"4825020803624";9;750;650;"Шафка для зберігання 44 см.  код. 0362 (арт. )"
"4825020803631";7;800;700;"Шафка для зберігання 48 см.  код. 0363 (арт. )"
"4825020803648";5;850;730;"Шафка для зберігання 55 см.  код. 0364 (арт. )"
"4825020803655";12;950;800;"Шафка для зберігання 59 см.  код. 0365 (арт. )"
"4825020803679";4;1050;950;"Шафка для зберігання 67 см.  код. 0367 (арт. )"
"4825020803686";11;1300;1200;"Шафка для зберігання 75 см.  код. 0368 (арт. )"
"4823453205640";92;240;175;"Шафка прозора PET пластик біла  Пластик  КОД:  0564  (арт.)"
"4823453205671";157;210;140;"Шафка прозора PET пластик біла  Пластик  КОД:  0567  (арт.)"
"4823453205657";80;210;140;"Шафка прозора PET пластик коричнева  Пластик  КОД:  0565  (арт.)"
"4823453205633";40;240;175;"Шафка прозора PET пластик помаранчева  Пластик  КОД:  0563  (арт.)"
"4823453205664";82;210;140;"Шафка прозора PET пластик помаранчева  Пластик  КОД:  0566  (арт.)"
"4823453205688";56;160;100;"Шафка прозора PET пластик помаранчева  Пластик  КОД:  0568  (арт.)"
"4823453205701";32;160;100;"Шафка прозора PET пластик чорна  Пластик  КОД:  0570  (арт.)"
"4825020806083";26;950;750;"Щілинна полиця  пластик,  КОД: 0608  (арт.) Y143-2253"
"4825020806090";27;850;650;"Щілинна полиця  пластик,  КОД: 0609  (арт.) Y143-2252"
"4821615504754";55;280;170;"Ящик для зберігання з вісьмома відділеннями  Пластик  КОД:  0475  (арт.) 726-A1311900"
"4825020800449";52;160;129;"Тримач для кришки PET  PET пластик код. 0044 (арт. X51-8293 )"
"4825020800456";275;60;23;"Тримач для кришки зелений PET  PET пластик код. 0045 (арт. X104- )"
"4825020801095";45;420;335;"Тримач для кришок металевий PET/метал (15*15*33) PET пластик / метал код. 0109 (арт. S44-ST9020 )"
"4825020801101";52;365;300;"Тримач для кухонного приладдя  код. 0110 (арт. S44-ST6009-1)"
"4827514021118";1;500;276;"Тримач для пляшки ведмідь  (полімер) бежевий Полімер код. BN-211C (арт.  BN-211C )"
"4827514021149";1;500;276;"Тримач для пляшки ведмідь  (полімер) білий  Полімер код. BN-211A (арт. BN-211A)"
"4827514021125";6;500;276;"Тримач для пляшки ведмідь  (полімер) жовтий Полімер код. BN-211D (арт. BN-211D )"
"4827514021132";2;500;276;"Тримач для пляшки ведмідь  (полімер) зелений Полімер код. BN-211E (арт.  BN-211E )"
"4827514021101";12;500;276;"Тримач для пляшки слон (полімер) Полімер код. С-001slon (арт. С-001 )"
"4823591602769";660;50;25;"Тримач для стійки пластик код. 0276 (арт. 35916-XY-0914)"
"4823591602783";420;60;33;"Тримач для стійки пластик код. 0278 (арт. 35916-XY-0905)"
"4823591602790";420;70;35;"Тримач для стійки пластик код. 0279 (арт. 35916-XY-0902)"
"4825020801354";45;40;25;"Тримач для швабри  2 шт. PET (5.5*3*4.5) PET пластик  код. 0135 (арт. G08-11 )"
"4825020801361";231;80;45;"Тримач для швабри 4 шт. PET (5.5*4.5*3) PET пластик  код. 0136 (арт. G08-12 )"
"4825020801316";31;170;125;"Тримач у ванну  код. 0131 (арт. F41-R5120)"
"4825020802658";414;70;40;"Універсальна щітка для посуду  пластик код. 0265 (арт. 50208-L43-1)"
"482502080268";408;60;28;"Універсальна щітка для посуду  пластик код. 0268 (арт. 50208-L43-LF-672)"
"4825020800807";48;60;38;"Фруктовниця 1 PET (22*6.5) PET пластик код. 0080 (арт. X10-XQ-6536)"
"4825020800814";7;80;53;"Фруктовниця 2 PET (23*8) PET пластик код. 0081 (арт. X10-XQ-6537)"
"4823431902271";16;1500;1253;"Чайний набір (Чайник/чашки) скло  код. 0227 (арт. 34319-251-27)"
"4823511403100";197;130;77;"Чашка  O7*11, 300 мл  Скло  КОД:  0310  (арт.) 4280"
"4823511403117";172;130;77;"Чашка  O7*9, 400 мл  Скло  КОД:  0311  (арт.) 3872"
"4823431902219";22;320;211;"Чашка (набір) керамічна код. 0221 (арт. 34319-251-21)"
"4823431902226";31;430;282;"Чашка (набір) керамічна код. 0222 (арт. 34319-251-22)"
"4823431902233";38;540;344;"Чашка (набір) керамічна код. 0223 (арт. 34319-251-23)"
"4823511403131";141;130;77;"Чашка 450 мл  Скло  КОД:  0313  (арт.) 1340"
"4825020800937";46;65;43;"Чашка bee happy бджілка PET пластик код. 0093 (арт. )"
"4825020800944";17;50;33;"Чашка бджілка PET (7*8.5) PET пластик код. 0094 (арт. M04-7055 )"
"4823431902011";79;250;169;"Чашка керамічна код. 0201 (арт. 34319-251-1)"
"4823431902028";12;310;204;"Чашка керамічна код. 0202 (арт. 34319-251-2)"
"4823431902035";28;360;235;"Чашка керамічна код. 0203 (арт. 34319-251-3)"
"4823431902042";37;400;266;"Чашка керамічна код. 0204 (арт. 34319-251-4)"
"4823431902059";7;190;122;"Чашка керамічна код. 0205 (арт. 34319-251-5)"
"4823431902066";32;215;141;"Чашка керамічна код. 0206 (арт. 34319-251-6)"
"4823431902073";54;250;164;"Чашка керамічна код. 0207 (арт. 34319-251-7)"
"4823431902080";2;250;164;"Чашка керамічна код. 0208 (арт. 34319-251-8)"
"4823431902103";10;1250;815;"Чашка керамічна код. 0210 (арт. 34319-251-10)"
"4823431902110";8;310;204;"Чашка керамічна код. 0211 (арт. 34319-251-11)"
"4823431902158";4;230;152;"Чашка керамічна код. 0215 (арт. 34319-251-15)"
"4823431902165";12;230;152;"Чашка керамічна код. 0216 (арт. 34319-251-16)"
"4823431902172";72;250;164;"Чашка керамічна код. 0217 (арт. 34319-251-17)"
"4823431902189";13;240;150;"Чашка керамічна код. 0218 (арт. 34319-251-18)"
"4823431902202";25;250;164;"Чашка керамічна код. 0220 (арт. 34319-251-20)"
"4823431902240";79;320;207;"Чашка керамічна код. 0224 (арт. 34319-251-24)"
"4823431902288";30;210;138;"Чашка керамічна код. 0228 (арт. 34319-251-28)"
"4825020800951";39;65;43;"Чашка курча PET (7.5*9) PET пластик код. 0095 (арт. M04-7053 )"
"4823511403001";61;200;125;"Чашка скло  код. 0300 (арт. 35114-LCWB10209)"
"4823511403018";58;200;133;"Чашка скло  код. 0301 (арт. 35114-LCWB2607)"
"4823511403025";77;290;188;"Чашка скло  код. 0302 (арт. 35114-LCWB2608)"
"4823511403032";56;320;204;"Чашка скло  код. 0303 (арт. 35114-LCWB8801)"
"4823511403049";81;360;235;"Чашка скло  код. 0304 (арт. 35114-LCWB136)"
"4823511403056";24;200;125;"Чашка скло  код. 0305 (арт. 35114-LCWB6001)"
"4823511403063";212;80;44;"Чашка скло  код. 0306 (арт. 35114-LCWB9806)"
"4823511403070";348;70;33;"Чашка скло  код. 0307 (арт. 35114-LCWB126125)"
"4823511403087";330;70;36;"Чашка скло  код. 0308 (арт. 35114-LCWB12601)"
"4823511403094";390;60;20;"Чашка скло  код. 0309 (арт. 35114-LCWB1315)"
"4825020800418";17;600;436;"Ящий для зберігання великий  (34*24*13) PET пластик код. 0041 (арт. X51-8145-3 )"
"4825020800395";29;275;201;"Ящий для зберігання подвійний PET (24*17*8.5) PET пластик код. 0039 (арт. X51-8145-2 )"
"4825020800036";151;80;53;"Ящик складний  (25*16.5*10) PET пластик код. 0003 (арт. L27-9051 )"
"4825020800043";22;190;124;"Ящик складний PET (35*23.5*14) PET пластик код. 0004 (арт. L27-9052 )"
"4825020800074";61;360;292;"Ящик складний з ручками великий PET  (44*32*7) PET пластик код. 0007 (арт. K10-2557 )"
"4825020800050";33;170;112;"Ящик складний з ручками маленький PET  (29.8*20*15.7cm) PET пластик код. 0005 (арт. K10-2555 )"
"4825020800067";56;270;178;"Ящик складний з ручками середній PET (38*25*20cm) PET пластик код. 0006 (арт. K10-2556 )"
